<?xml version="1.0" encoding="utf-8"?>
<root>
 <WARN_DLG>
 	<BUTTON_OK>BUTTON_OK,84,381,71,26,, FALSE</BUTTON_OK>
	<BUTTON_CANCEL>BUTTON_CANCEL,161,381,71,26,, FALSE</BUTTON_CANCEL>

	<BUTTON_OK_2>BUTTON_OK,165,170,39,57,, FALSE</BUTTON_OK_2>
	<BUTTON_CANCEL_2>BUTTON_CANCEL,230,170,39,57,, FALSE</BUTTON_CANCEL_2>

	<BUTTON_OK_3>BUTTON_ONLYOK,161,381,71,26,, FALSE</BUTTON_OK_3>
	<TEXT_TITLE>TEXT_TITLE,14,10,124,33,, FALSE</TEXT_TITLE>
	<TEXT_WARNING>TEXT_WARNING,20,103,395,35,, FALSE</TEXT_WARNING>
 </WARN_DLG>
 <ABOUT_DLG>
	<LIST_INFO>,9,46,266,104,, FALSE</LIST_INFO>

	<BUTTON_EXIT>BUTTON_OK,233,289,33,53,, FALSE</BUTTON_EXIT>
	<BUTTON_WEB>BUTTON_UPDATE,13,202,94,25,, FALSE</BUTTON_WEB>
 </ABOUT_DLG>
</root>